{
  "epoch": 29,
  "alpha_scheduler": {
    "alpha": 0.5025579604485186,
    "alpha_min": 0.2,
    "alpha_max": 0.8,
    "lr_alpha": 0.05,
    "ema_decay": 0.9,
    "delta_target": 0.01,
    "ema_loss": 25.154826907195783,
    "prev_ema": 25.154826907195783
  },
  "last_kd_loss": 9.912633,
  "temperature": 4.5505034445854395
}